API:CoInitializeEx,REG:OPENED:HKEY_LOCAL_MACHINE\Software\Microsoft\Windows\CurrentVersion\Uninstall\,API:NtReadVirtualMemory,FILES_EXT:WRITTEN:tmp,DROP:tmp,API:CreateDirectoryW,API:GetFileSize,API:GetFileAttributesW,FILES_EXT:OPENED:exe,API:GetFileSize,label
1,1,1,1,1,1,1,1,1,1,0
0,0,0,0,0,0,0,0,0,0,1
0,0,0,0,0,0,0,0,0,0,0
0,0,0,0,0,0,0,0,0,0,1
0,0,1,0,0,0,1,1,1,1,1
0,0,0,0,0,0,0,1,1,0,1
1,1,1,1,1,1,1,1,1,1,0
0,0,0,0,0,0,0,0,0,0,1
0,0,1,0,0,0,0,0,0,0,0
1,1,1,1,1,1,1,1,1,1,0
0,0,0,0,0,0,1,0,0,1,1
0,0,1,0,0,0,1,0,1,1,1
1,0,1,1,1,1,1,1,1,1,0
1,1,1,1,1,1,1,1,1,1,0
1,0,1,0,0,0,0,1,1,0,0
1,0,1,0,1,1,0,1,0,0,0
1,0,1,1,1,1,1,1,1,1,0
0,0,0,0,0,0,0,0,1,0,1
1,1,1,1,1,1,1,1,1,1,0
0,0,1,0,0,0,1,0,1,1,1
1,1,0,1,1,1,1,1,1,1,0
0,0,1,0,0,0,0,0,0,0,0
0,0,0,0,0,1,0,1,1,0,0
1,0,1,0,0,0,1,1,0,1,0
1,0,0,0,1,1,1,1,1,1,1
0,0,1,0,0,0,0,0,0,0,1
0,0,0,0,0,0,0,0,0,0,0
1,1,1,1,1,1,1,1,1,1,0
0,0,0,0,0,1,0,1,1,0,0
1,1,1,1,1,1,1,1,1,1,0
1,1,1,1,1,1,1,1,1,1,0
0,0,0,0,0,0,0,0,0,0,1
0,0,0,0,0,0,0,0,0,0,0
1,1,1,1,1,1,1,1,1,1,0
1,0,1,1,1,1,1,1,1,1,0
0,0,0,0,0,0,0,0,0,0,1
0,0,0,0,0,0,0,1,0,0,1
0,0,1,0,0,0,1,0,1,1,1
0,0,0,0,0,0,1,0,1,1,1
1,0,0,0,1,1,1,1,1,1,0
0,0,0,0,0,0,0,0,0,0,1
0,0,1,0,0,0,1,1,1,1,1
0,0,0,0,0,0,0,0,1,0,1
0,0,0,0,0,0,0,0,0,0,1
0,0,0,0,1,1,1,1,1,1,1
1,0,0,1,1,1,1,1,1,1,0
0,0,0,0,0,0,1,0,1,1,1
1,1,1,1,1,1,1,1,1,1,0
1,1,1,1,1,1,1,1,1,1,0
1,1,1,1,1,1,1,1,1,1,0
0,0,0,0,0,0,0,0,0,0,1
1,0,1,0,0,1,1,0,1,1,1
0,0,0,0,0,0,0,0,0,0,0
0,0,0,0,0,0,0,0,0,0,0
0,0,0,0,0,0,1,0,1,1,1
1,1,1,1,1,1,1,1,1,1,0
0,0,1,0,1,1,0,1,1,0,0
0,0,0,0,0,0,0,0,0,0,1
0,0,0,0,0,0,0,0,0,0,1
1,1,1,1,1,1,1,1,1,1,0
1,1,0,1,1,1,1,1,1,1,0
1,1,1,1,1,1,1,1,1,1,0
0,0,0,0,0,0,0,0,0,0,1
1,0,1,0,0,0,0,0,0,0,1
1,0,1,0,0,1,1,1,1,1,0
0,0,0,0,0,0,0,0,0,0,0
1,0,0,0,0,1,1,1,1,1,0
1,1,1,1,1,1,1,1,1,1,0
1,1,1,1,1,1,1,1,1,1,0
1,1,1,1,1,1,1,1,1,1,0
0,0,0,0,0,0,0,0,0,0,1
0,0,0,0,0,0,1,1,0,1,1
0,0,0,0,0,0,0,0,0,0,1
1,1,1,1,1,1,1,1,1,1,0
1,1,1,1,1,1,1,1,1,1,0
1,0,1,1,1,1,1,1,1,1,0
0,0,0,0,0,0,0,0,0,0,1
0,0,1,0,0,0,0,0,0,0,0
1,1,1,1,1,1,1,1,1,1,0
0,0,0,0,0,0,1,0,1,1,1
0,0,0,0,0,0,0,1,0,0,1
1,1,1,1,1,1,1,1,1,1,0
0,0,0,0,0,0,0,0,0,0,1
1,0,0,0,0,0,1,0,1,1,1
0,0,1,0,0,0,1,1,1,1,0
0,0,1,1,1,1,0,1,1,0,0
0,0,0,0,0,0,0,0,0,0,1
0,0,0,0,0,0,0,1,0,0,1
0,0,0,0,0,0,0,1,0,0,1
1,1,0,1,1,1,1,1,1,1,0
1,1,1,1,1,1,1,1,1,1,0
0,1,1,1,1,1,1,1,1,1,0
1,1,1,1,1,1,1,1,1,1,0
1,1,0,1,1,1,1,1,1,1,0
0,0,0,1,1,0,1,1,0,1,1
1,0,1,1,1,1,1,1,1,1,0
0,0,0,0,0,0,0,0,0,0,1
1,0,1,0,0,0,1,1,1,1,1
1,1,1,0,0,1,1,1,1,1,0
0,0,0,0,0,0,0,0,0,0,1
0,0,1,0,0,0,0,0,0,0,0
0,0,0,0,0,0,0,0,0,0,0
0,0,0,0,1,1,0,1,1,0,0
0,0,0,0,0,0,0,0,0,0,1
0,0,0,0,0,0,0,1,0,0,1
1,1,0,1,1,1,1,1,1,1,1
0,0,0,0,0,0,0,0,0,0,0
0,0,0,0,0,0,0,0,1,0,1
0,0,0,0,0,0,0,0,0,0,1
1,0,1,1,1,1,1,1,1,1,0
1,0,0,0,0,0,1,1,0,1,0
0,1,1,1,1,1,1,1,1,1,0
0,0,0,0,0,0,0,1,0,0,1
0,0,0,0,0,0,0,0,0,0,0
0,0,0,0,0,0,0,0,0,0,1
0,0,0,0,0,0,0,0,0,0,0
0,0,0,0,0,0,0,0,0,0,0
0,0,0,0,0,0,0,0,0,0,0
0,0,0,0,0,0,1,1,0,1,1
0,0,0,0,0,0,0,0,0,0,0
0,0,0,0,0,0,1,0,1,1,1
1,0,0,0,1,1,0,1,1,0,0
1,1,0,1,1,1,1,1,1,1,0
0,0,0,0,0,0,0,1,0,0,1
1,0,1,0,0,0,1,1,0,1,0
0,0,0,0,0,0,0,0,0,0,1
0,0,0,0,0,0,0,0,0,0,1
0,0,0,0,1,0,1,1,1,1,1
0,0,0,0,0,0,0,0,0,0,1
1,0,1,1,1,1,1,1,1,1,0
1,0,1,0,0,0,1,1,0,1,0
0,0,0,0,0,0,0,1,1,0,1
0,0,0,0,0,0,0,0,0,0,1
0,0,0,0,0,0,1,1,0,1,1
1,1,1,1,1,1,1,1,1,1,0
0,0,0,0,0,0,1,1,0,1,1
1,1,0,0,1,1,1,1,1,1,0
1,0,1,1,1,1,1,1,1,1,0
0,0,0,0,0,0,1,1,0,1,1
1,0,1,0,0,1,1,1,1,1,0
1,1,1,1,1,1,1,1,1,1,0
0,0,0,0,0,0,0,0,0,0,0
1,1,1,1,1,1,1,1,1,1,0
0,0,0,0,0,0,0,0,0,0,1
1,0,1,0,0,0,1,1,1,1,0
0,0,0,0,0,0,0,0,0,0,1
1,0,0,0,0,0,0,0,0,0,1
0,0,0,0,0,0,0,1,0,0,1
0,0,1,0,0,0,1,0,1,1,1
1,1,1,1,1,1,1,1,1,1,0
0,0,0,0,0,0,1,0,1,1,1
0,0,0,0,0,0,0,0,0,0,1
0,0,1,0,0,0,1,0,1,1,0
0,0,0,0,0,0,0,0,0,0,1
0,0,0,0,0,0,0,0,1,0,1
1,0,1,1,1,1,1,1,1,1,0
1,1,1,1,1,1,1,1,1,1,0
1,1,0,1,1,1,1,1,1,1,0
0,0,1,0,0,1,0,1,1,0,0
0,1,1,1,1,1,1,1,1,1,0
0,0,0,0,0,0,0,0,0,0,0
0,0,0,0,0,0,0,0,0,0,1
1,1,1,1,1,1,1,1,1,1,0
0,0,0,0,0,0,0,0,0,0,1
0,0,0,0,0,0,0,0,0,0,1
0,0,0,0,0,0,0,0,0,0,1
0,0,0,0,0,0,0,0,0,0,0
1,1,0,1,1,1,1,1,1,1,0
0,0,1,0,0,0,1,1,1,1,1
1,0,1,0,0,0,0,0,1,0,1
1,1,1,1,1,1,1,1,1,1,0
1,1,1,1,1,1,1,1,1,1,0
1,1,1,1,1,1,1,1,1,1,0
0,0,0,0,0,1,0,1,1,0,0
0,0,0,0,0,0,0,0,0,0,1
1,1,1,1,1,1,1,1,1,1,0
0,0,0,0,1,0,1,1,0,1,1
0,0,0,0,0,0,0,1,0,0,1
0,0,1,0,0,0,1,0,1,1,1
1,0,1,1,1,1,1,1,1,1,0
0,0,0,0,0,0,0,0,0,0,1
0,0,1,0,0,0,0,1,0,0,1
1,0,0,0,0,1,1,1,1,1,0
1,0,0,0,1,1,1,1,1,1,1
0,0,0,0,0,0,0,0,0,0,1
0,0,0,0,0,0,0,0,1,0,1
1,0,1,0,0,0,0,0,1,0,1
0,0,0,0,0,0,0,0,0,0,1
0,0,0,0,0,0,0,0,0,0,1
1,0,0,0,0,0,1,1,1,1,1
0,0,1,0,0,0,0,0,1,0,0
0,0,1,0,0,0,1,0,1,1,1
0,0,0,0,0,0,0,0,0,0,0
1,0,1,0,1,1,1,1,1,1,0
0,0,0,0,0,0,1,1,0,1,1
1,0,0,1,1,1,1,1,1,1,0
1,0,0,0,0,1,0,1,1,0,0
0,0,0,0,0,0,0,0,1,0,1
0,0,0,0,0,0,0,1,0,0,1
1,1,1,1,1,1,1,1,1,1,0
1,0,0,0,1,1,1,1,1,1,0
0,0,0,0,1,1,1,1,1,1,0
0,0,0,0,0,0,1,1,0,1,1
1,0,1,0,0,1,1,1,1,1,0
1,1,1,1,1,1,1,1,1,1,0
1,1,1,1,1,1,1,1,1,1,0
0,0,0,0,0,0,0,0,0,0,1
1,0,0,0,1,1,1,1,1,1,0
1,1,1,0,0,1,1,1,1,1,0
0,0,0,0,0,0,0,0,0,0,1
0,0,0,0,0,0,0,0,0,0,1
1,0,0,0,0,0,0,0,0,0,1
0,0,0,0,0,0,0,0,1,0,1
1,0,1,0,0,1,0,0,0,0,0
0,0,0,0,0,0,1,0,1,1,1
0,0,0,0,0,0,1,1,0,1,1
0,0,0,0,0,0,1,1,0,1,1
0,0,0,0,0,0,0,0,0,0,1
0,0,0,0,0,0,0,1,0,0,1
1,0,1,0,0,1,1,1,1,1,0
1,0,1,0,0,0,0,0,0,0,0
0,0,1,0,1,1,0,1,1,0,0
0,0,1,0,0,0,0,0,0,0,0
1,0,1,1,1,1,1,1,1,1,0
0,0,1,0,0,0,0,0,1,0,1
1,0,0,0,0,0,1,0,1,1,1
0,0,1,1,1,1,1,1,1,1,0
0,0,0,0,0,0,0,0,0,0,1
0,0,0,0,0,0,0,0,1,0,1
0,0,0,0,0,0,0,0,0,0,1
1,1,1,1,1,1,1,1,1,1,0
1,0,1,0,1,1,1,1,1,1,0
0,0,0,0,1,1,1,1,1,1,0
1,0,1,1,1,1,1,1,1,1,0
0,0,0,0,0,0,0,0,0,0,1
1,1,1,1,1,1,1,1,1,1,0
1,1,1,1,1,1,1,1,1,1,0
0,0,0,0,0,0,0,0,0,0,0
1,0,1,1,1,1,1,1,1,1,0
0,0,1,0,0,0,1,0,1,1,1
0,0,0,0,0,0,0,0,1,0,1
0,1,1,1,1,1,1,1,1,1,0
1,1,1,1,1,1,1,1,1,1,0
0,0,1,1,1,1,1,1,1,1,0
1,1,1,1,1,1,1,1,1,1,0
0,0,0,0,0,0,0,0,1,0,1
0,0,1,0,0,0,1,0,1,1,1
0,0,0,0,0,0,0,1,0,0,1
0,0,0,0,0,0,0,0,0,0,1
0,0,0,0,0,0,0,0,0,0,1
1,1,1,1,1,1,1,1,1,1,0
0,0,0,1,1,1,1,1,1,1,1
0,0,0,0,0,0,0,1,0,0,1
0,0,0,0,0,0,1,1,0,1,1
0,1,1,1,1,1,1,1,1,1,0
0,0,0,0,0,0,0,0,1,0,1
0,0,0,0,0,0,0,0,0,0,1
0,0,0,0,0,0,0,0,1,0,1
1,0,1,0,0,0,1,1,0,1,0
1,1,0,1,1,1,1,1,1,1,0
0,0,0,0,0,0,1,0,1,1,1
1,0,1,0,0,1,0,1,1,0,0
1,0,1,1,1,1,1,1,1,1,0
1,0,1,1,1,1,1,1,1,1,0
0,0,0,0,0,0,0,0,0,0,1
0,0,0,0,0,0,1,1,0,1,1
0,0,1,1,1,1,1,1,1,1,0
0,0,0,0,0,0,0,0,0,0,1
0,0,0,0,0,0,0,0,0,0,1
0,0,0,0,0,0,1,1,0,1,1
1,1,1,1,1,1,1,1,1,1,0
1,1,1,1,1,1,1,1,1,1,0
1,0,0,0,0,0,1,1,1,1,1
1,1,1,1,1,1,1,1,1,1,0
1,1,1,1,1,1,1,1,1,1,0
0,0,0,0,0,0,0,0,1,0,1
1,1,1,1,1,1,1,1,1,1,0
1,0,1,0,0,0,0,0,1,0,1
1,0,0,0,0,1,0,0,0,0,1
1,1,1,1,1,1,1,1,1,1,0
0,1,0,1,1,1,1,1,1,1,0
1,1,1,1,1,1,1,1,1,1,0
0,0,0,0,0,1,0,0,0,0,1
1,1,0,1,1,1,1,1,1,1,0
0,0,0,0,0,0,0,1,0,0,1
0,0,0,0,0,0,0,0,1,0,1
0,0,1,0,0,0,1,0,1,1,1
0,0,0,0,0,0,0,0,0,0,1
0,0,1,0,0,0,1,0,1,1,1
0,0,0,0,0,0,0,0,0,0,1
1,0,1,1,1,1,1,1,1,1,0
0,0,0,0,0,0,0,0,0,0,0
0,0,1,1,1,1,1,1,1,1,0
1,1,1,0,0,0,1,1,1,1,0
1,1,1,0,0,1,1,1,1,1,0
0,0,0,0,0,0,0,0,0,0,1
0,0,0,0,0,0,0,0,0,0,1
0,0,0,0,0,0,0,0,0,0,1
1,1,1,1,1,1,1,1,1,1,0
0,0,0,0,0,0,0,1,0,0,1
0,0,0,0,0,0,0,0,0,0,0
0,0,1,0,0,0,1,1,1,1,0
0,0,0,0,0,0,1,1,0,1,1
0,0,0,0,0,0,0,0,1,0,1
0,0,1,0,0,0,1,0,1,1,1
1,0,0,1,1,1,1,1,1,1,0
0,0,1,0,0,0,1,0,0,1,1
1,1,1,0,0,1,1,1,1,1,0
1,0,1,0,1,1,1,1,1,1,0
1,1,1,1,1,1,1,1,1,1,0
0,0,0,0,1,1,0,1,1,0,0
0,0,1,0,1,1,1,1,1,1,0
0,0,0,0,0,0,0,0,0,0,1
0,0,0,0,1,0,0,1,1,0,0
0,0,0,0,0,0,0,0,0,0,1
1,0,0,0,0,0,0,1,1,0,1
0,0,0,0,0,0,0,0,0,0,1
0,0,0,0,0,0,0,1,0,0,1
0,0,0,0,0,0,0,0,0,0,1
0,0,0,0,0,0,0,0,1,0,1
0,0,0,0,0,0,1,0,1,1,1
0,0,0,0,0,0,0,1,0,0,1
1,1,1,0,0,0,1,1,1,1,0
0,0,0,0,0,0,1,1,0,1,1
0,0,0,0,0,0,0,1,0,0,1
0,0,1,0,0,0,0,0,0,0,0
0,0,0,0,0,0,1,1,0,1,1
0,0,0,0,0,0,0,0,0,0,1
0,0,1,0,1,0,1,1,0,1,0
0,0,0,0,0,0,0,0,0,0,0
1,0,0,0,0,1,1,1,1,1,0
0,0,0,0,0,0,0,0,0,0,0
0,0,0,0,0,0,1,1,0,1,1
0,0,0,0,0,0,0,1,0,0,1
0,0,0,0,0,0,0,0,0,0,1
0,0,1,0,0,0,1,0,0,1,1
0,0,0,0,0,0,0,0,0,0,1
1,1,1,1,1,1,1,1,1,1,0
0,0,0,0,0,0,0,0,0,0,1
0,0,0,0,0,0,0,0,0,0,0
0,0,0,0,0,0,0,0,0,0,1
0,0,1,0,0,0,1,1,1,1,1
0,0,0,0,0,0,0,1,0,0,1
1,1,1,1,1,1,1,1,1,1,0
0,0,1,0,0,0,0,1,1,0,1
1,0,0,0,0,1,1,1,1,1,1
1,1,1,1,1,1,1,1,1,1,0
0,0,1,0,0,1,1,1,1,1,0
0,0,0,0,0,0,0,0,0,0,1
0,0,0,0,0,0,0,0,0,0,1
1,0,1,1,1,1,1,1,1,1,0
0,0,0,0,0,0,0,1,0,0,1
1,1,1,1,1,1,1,1,1,1,0
0,0,1,0,1,1,1,1,1,1,0
1,0,0,1,1,1,1,1,1,1,0
1,1,1,1,1,1,1,1,1,1,0
0,0,0,1,1,1,1,1,1,1,0
0,0,0,0,0,0,0,0,0,0,0
1,1,0,1,1,1,1,1,1,1,0
0,0,1,0,0,0,0,0,0,0,0
1,0,1,0,0,1,1,1,1,1,0
0,0,0,0,0,0,0,1,0,0,1
0,0,0,0,0,0,0,0,0,0,1
0,0,0,0,0,0,0,0,0,0,1
0,0,0,0,1,1,1,1,1,1,0
0,0,0,0,0,0,0,0,0,0,1
0,0,0,0,0,0,1,0,1,1,1
0,0,1,0,0,0,0,0,0,0,0
1,1,1,1,1,1,1,1,1,1,0
0,0,0,0,0,0,0,0,0,0,1
0,0,0,0,0,0,0,1,0,0,1
1,1,1,1,1,1,1,1,1,1,0
0,0,0,0,0,0,0,0,0,0,1
1,1,1,1,1,1,1,1,1,1,0
1,1,1,1,1,1,1,1,1,1,0
1,1,1,1,1,1,1,1,1,1,0
0,0,0,0,0,0,0,0,1,0,1
1,1,0,1,1,1,1,1,1,1,0
0,0,1,0,0,0,1,0,1,1,1
1,1,0,1,1,1,1,1,1,1,0
1,0,1,0,1,1,1,1,1,1,0
0,0,0,0,0,0,0,1,0,0,1
0,0,1,0,0,0,1,0,1,1,1
0,0,0,0,0,0,0,0,0,0,1
1,0,1,0,0,1,0,1,1,0,0
1,0,1,0,0,0,1,0,0,1,1
0,1,1,0,1,1,1,1,1,1,0
1,1,0,1,1,1,1,1,1,1,0
0,0,0,0,0,0,1,0,1,1,1
0,0,0,0,0,0,1,0,1,1,1
1,0,0,0,0,1,1,1,0,1,0
0,0,0,0,0,0,0,0,0,0,1
0,0,1,0,0,0,1,1,1,1,1
1,0,1,1,1,1,1,1,1,1,0
0,0,0,0,0,0,0,0,0,0,0
0,0,0,0,0,0,0,0,0,0,1
0,0,0,0,0,0,0,0,0,0,1
0,0,0,0,0,0,0,0,0,0,0
0,0,0,0,0,0,0,0,1,0,1
0,0,0,0,0,0,0,0,0,0,1
1,0,0,0,0,1,1,1,1,1,0
0,0,0,0,0,0,0,0,0,0,1
1,1,1,1,1,1,1,1,1,1,0
1,1,1,0,0,1,1,1,1,1,0
0,0,0,0,0,0,1,1,0,1,1
1,1,1,0,1,1,1,1,1,1,0
0,0,0,0,0,0,0,1,0,0,1
1,0,0,0,1,1,1,1,1,1,1
0,0,1,0,0,0,1,0,1,1,1
1,0,0,1,1,1,1,1,1,1,0
0,0,0,0,0,0,1,1,0,1,1
1,1,1,1,1,1,1,1,1,1,0
0,0,0,0,0,0,0,0,0,0,1
1,0,1,0,0,1,1,1,1,1,0
1,0,1,1,1,0,1,1,0,1,0
1,1,1,1,1,1,1,1,1,1,0
1,0,1,0,1,1,1,1,1,1,0
1,0,1,1,1,1,1,1,1,1,0
0,0,0,0,0,0,0,1,0,0,1
0,0,1,0,0,1,0,1,1,0,0
1,0,0,1,1,1,1,1,1,1,0
0,0,0,0,1,0,1,1,1,1,1
1,0,1,0,1,1,1,1,1,1,0
1,1,1,1,1,1,1,1,1,1,0
0,0,0,0,0,0,0,0,0,0,0
1,1,1,1,1,1,1,1,1,1,0
0,0,1,0,0,0,1,1,0,1,0
1,0,1,0,0,0,0,1,0,0,1
1,0,0,1,1,1,1,1,1,1,0
0,0,1,0,0,0,1,0,1,1,1
0,0,0,0,0,0,0,0,0,0,1
0,0,0,0,0,0,0,0,1,0,1
0,0,0,0,0,0,1,1,1,1,1
0,0,0,0,0,0,0,1,0,0,1
0,0,1,0,0,0,1,0,1,1,1
1,1,1,1,1,1,1,1,1,1,0
1,1,1,1,1,1,1,1,1,1,0
1,0,1,0,0,1,1,1,1,1,0
0,0,0,0,0,0,1,1,0,1,1
0,0,0,0,0,0,0,0,1,0,1
1,0,0,0,0,0,1,1,1,1,1
0,0,1,0,0,1,1,1,1,1,0
1,0,0,0,0,1,1,1,1,1,1
0,0,0,0,0,0,0,0,0,0,0
1,0,0,0,0,0,1,1,1,1,1
1,0,1,0,0,1,1,1,1,1,0
1,0,1,1,1,1,1,1,1,1,0
1,0,1,0,0,0,1,0,0,1,1
0,0,0,0,0,0,1,1,0,1,1
1,0,1,1,1,1,1,1,1,1,0
0,0,0,0,0,0,0,1,0,0,1
1,1,1,1,1,1,1,1,1,1,0
1,0,1,0,0,1,1,1,1,1,0
0,0,0,0,0,0,0,0,0,0,0
1,0,1,0,0,0,0,0,1,0,1
1,1,0,1,1,1,1,1,1,1,1
0,0,0,0,0,0,0,1,0,0,1
0,0,0,0,0,0,1,1,0,1,1
1,1,1,1,1,1,1,1,1,1,0
0,0,0,0,0,0,1,1,0,1,1
0,0,0,0,0,0,0,0,0,0,0
0,0,1,0,0,1,0,1,1,0,0
1,1,1,1,1,1,1,1,1,1,0
1,1,1,1,1,1,1,1,1,1,0
0,0,0,0,0,0,0,0,0,0,1
1,0,1,1,1,0,1,1,0,1,0
0,0,0,0,0,0,0,0,0,0,1
1,0,0,0,0,1,1,1,1,1,1
0,0,0,0,0,0,0,0,1,0,1
1,1,0,1,1,1,1,1,1,1,0
0,0,0,0,0,0,0,0,0,0,1
0,0,0,0,0,0,0,0,0,0,0
1,1,1,1,1,1,1,1,1,1,0
0,0,0,0,0,0,0,0,0,0,1
0,0,0,0,0,0,1,1,0,1,1
0,0,0,0,0,0,1,0,1,1,1
0,0,0,0,0,0,0,1,0,0,1
0,0,0,0,0,0,0,0,1,0,0
0,0,0,0,0,0,0,0,0,0,1
0,0,0,0,0,0,0,0,0,0,0
1,1,0,1,1,1,1,1,1,1,0
1,1,0,1,1,1,1,1,1,1,0
1,0,0,0,0,0,1,1,0,1,1
1,0,1,1,1,1,1,1,1,1,0
0,0,1,0,0,0,0,1,0,0,0
0,0,1,0,0,0,1,1,1,1,1
0,0,0,0,0,0,0,0,0,0,1
0,0,0,0,0,0,1,1,0,1,1
1,0,0,0,0,1,1,1,1,1,0
1,1,1,1,1,1,1,1,1,1,0
1,0,1,0,0,1,1,1,0,1,0
0,0,1,0,0,0,0,1,0,0,0
0,0,0,0,0,0,0,0,0,0,1
0,0,0,0,0,0,0,0,1,0,1
0,0,0,0,0,0,1,1,0,1,1
0,0,0,0,0,0,0,0,0,0,1
0,0,0,0,0,1,0,0,0,0,1
1,1,1,1,1,1,1,1,1,1,0
0,0,1,1,1,1,1,1,1,1,0
0,0,0,0,0,0,0,0,0,0,1
1,1,1,1,1,1,1,1,1,1,0
0,0,0,0,0,0,0,0,0,0,1
0,0,0,0,0,0,0,0,0,0,1
1,0,0,0,0,1,1,1,0,1,0
1,0,0,0,0,1,1,1,1,1,1
0,0,0,0,0,0,0,0,1,0,0
1,1,1,1,1,1,1,1,1,1,0
0,0,0,0,0,0,0,0,1,0,1
0,0,1,0,0,0,1,1,1,1,1
1,1,1,1,1,1,1,1,1,1,0
0,0,0,0,0,0,0,0,0,0,0
0,0,1,0,0,0,1,0,1,1,1
0,0,0,0,0,0,1,1,0,1,1
0,0,0,0,0,0,0,0,0,0,1
0,0,0,0,0,0,0,0,0,0,1
0,0,1,0,0,0,0,0,0,0,0
1,1,1,1,1,1,1,1,1,1,0
1,1,1,1,1,1,1,1,1,1,0
0,0,1,0,0,0,0,0,0,0,1
1,1,1,1,1,1,1,1,1,1,0
0,0,0,0,0,0,0,0,0,0,1
0,0,0,0,0,0,0,1,0,0,1
0,0,0,0,0,0,1,1,0,1,1
0,0,0,0,0,0,0,1,0,0,1
0,0,0,0,0,0,0,1,0,0,1
0,0,0,0,0,0,0,0,0,0,1
0,0,1,0,0,1,1,1,1,1,1
0,0,0,0,0,0,0,0,0,0,1
0,0,0,0,0,0,0,0,0,0,1
0,0,0,0,0,0,1,1,0,1,1
0,0,0,0,0,0,0,0,1,0,1
0,0,0,0,0,0,1,1,0,1,1
1,1,1,1,1,1,1,1,1,1,0
0,0,0,0,0,0,0,0,0,0,0
0,0,0,0,0,0,1,0,1,1,1
1,0,1,0,1,1,0,1,0,0,0
0,0,0,0,0,0,0,0,0,0,1
0,0,0,0,0,0,1,1,0,1,1
1,0,1,1,1,1,1,1,1,1,0
1,1,1,1,1,1,1,1,1,1,0
0,0,0,0,0,0,0,0,1,0,1
1,1,1,1,1,1,1,1,1,1,0
0,0,0,0,0,1,0,1,1,0,0
0,0,0,1,1,1,1,1,1,1,0
1,1,1,1,1,1,1,1,1,1,0
0,0,1,0,0,0,1,0,1,1,1
0,0,0,0,0,0,0,0,0,0,1
0,0,0,0,0,0,0,0,1,0,1
0,0,0,0,0,0,0,0,0,0,1
0,0,0,0,0,1,0,1,1,0,0
0,0,0,0,0,0,0,0,0,0,1
0,0,1,0,0,0,0,0,0,0,1
0,0,1,0,0,0,1,0,1,1,1
1,0,1,0,0,1,0,0,1,0,0
1,1,1,1,1,1,1,1,1,1,0
0,0,0,0,0,0,1,0,1,1,1
0,0,0,0,0,0,1,1,0,1,1
1,1,1,1,1,1,1,1,1,1,0
0,0,0,0,0,0,1,0,1,1,1
0,0,0,0,0,0,0,0,0,0,1
0,0,0,0,0,0,0,0,0,0,0
0,0,0,0,0,0,1,0,1,1,1
1,1,1,1,1,1,1,1,1,1,0
0,0,0,0,0,0,0,0,0,0,1
0,0,0,0,0,0,1,1,0,1,1
1,0,1,0,0,0,1,0,0,1,0
0,0,0,0,0,0,0,0,0,0,1
0,0,0,0,0,0,0,0,1,0,1
0,0,0,0,0,0,0,0,0,0,0
0,0,0,0,0,0,0,0,0,0,0
1,0,1,1,1,1,1,1,1,1,0
1,1,1,1,1,1,1,1,1,1,0
0,0,0,0,0,0,0,0,0,0,1
1,1,1,1,1,1,1,1,1,1,0
0,0,0,0,0,0,0,0,1,0,1
0,0,0,0,0,0,0,0,0,0,1
0,0,0,0,0,0,0,0,1,0,1
1,1,1,1,1,1,1,1,1,1,0
1,1,0,1,1,1,1,1,1,1,0
0,0,0,0,0,0,0,0,0,0,1
0,0,0,0,0,0,0,0,1,0,1
0,0,0,0,0,0,0,1,0,0,1
0,0,0,0,0,0,0,0,0,0,1
0,0,0,0,0,0,0,1,1,0,1
1,1,1,1,1,1,1,1,1,1,0
0,0,0,0,0,0,0,0,0,0,1
0,0,0,0,0,0,0,0,0,0,1
1,1,1,1,1,1,1,1,1,1,0
0,0,0,0,1,1,1,1,1,1,0
0,0,0,0,0,0,0,0,0,0,0
1,0,1,0,0,0,0,0,1,0,1
0,0,0,0,0,0,0,0,0,0,1
0,0,0,0,0,0,0,0,1,0,1
1,0,0,1,1,1,0,1,0,0,0
1,1,1,1,1,1,1,1,1,1,0
0,0,0,0,0,0,0,0,0,0,1
1,0,1,1,1,1,1,1,1,1,0
0,0,0,0,0,0,0,0,0,0,1
1,0,1,0,1,1,1,1,1,1,0
1,0,0,0,0,1,1,1,1,1,0
0,0,0,0,0,0,0,0,0,0,1
0,0,0,0,0,0,1,1,0,1,1
1,1,1,1,1,1,1,1,1,1,0
1,0,1,0,0,1,0,0,1,0,0
0,0,0,0,0,0,0,0,1,0,1
0,0,0,0,0,0,0,0,0,0,1
0,0,1,0,0,0,1,1,1,1,1
0,0,1,1,1,0,0,1,1,0,0
0,0,1,0,0,0,1,1,1,1,1
0,0,0,0,0,0,0,0,0,0,1
1,1,1,1,1,1,1,1,1,1,0
1,0,1,1,1,1,1,1,1,1,0
0,0,0,0,0,0,0,0,0,0,1
0,0,0,0,0,0,0,0,0,0,1
1,1,1,1,1,1,1,1,1,1,0
0,0,0,0,0,0,0,0,1,0,1
0,0,1,0,0,0,1,1,1,1,1
0,0,0,0,0,0,0,0,0,0,0
0,0,0,0,0,0,0,0,0,0,0
0,0,0,0,0,0,0,0,0,0,1
0,0,0,0,0,0,0,0,0,0,1
0,0,0,0,0,0,0,0,1,0,1
0,0,1,0,0,0,1,0,1,1,1
1,0,1,1,1,1,1,1,1,1,0
0,0,1,0,0,0,1,0,0,1,1
1,0,0,1,1,1,1,1,1,1,0
1,0,0,0,0,0,1,1,1,1,1
0,0,0,0,0,0,0,0,0,0,1
1,1,1,1,1,1,1,1,1,1,0
1,0,0,1,1,0,1,1,0,1,0
1,0,0,0,1,1,1,1,1,1,1
1,1,1,0,1,1,1,1,1,1,0
0,0,0,0,0,0,0,0,0,0,0
0,0,1,0,0,0,1,0,1,1,1
1,1,1,1,1,1,1,1,1,1,0
1,1,1,0,1,1,1,1,1,1,0
0,0,0,0,0,0,1,1,0,1,1
0,0,1,0,0,0,1,0,1,1,1
0,0,1,0,0,0,1,1,1,1,0
1,0,1,0,0,0,0,0,1,0,1
1,0,0,0,0,0,1,0,1,1,1
1,0,1,0,0,0,0,0,1,0,1
0,0,0,0,0,0,0,0,1,0,1
1,0,1,0,0,1,0,0,1,0,0
0,0,0,0,0,0,0,0,0,0,1
0,0,0,0,0,0,0,0,0,0,1
1,0,0,1,1,0,1,1,0,1,1
0,0,0,0,0,0,0,1,0,0,1
0,0,0,0,0,0,0,0,0,0,1
0,0,0,0,0,0,0,0,0,0,1
0,0,0,0,0,0,0,0,0,0,1
1,0,1,0,1,1,1,1,1,1,0
0,0,0,0,0,0,0,0,0,0,1
0,0,0,0,0,0,1,1,0,1,1
0,0,1,0,0,0,1,1,1,1,1
0,0,1,0,0,0,1,1,1,1,1
0,0,1,0,0,0,0,1,0,0,0
1,0,1,0,0,1,0,1,1,0,0
0,0,0,0,0,0,1,1,0,1,1
1,1,1,1,1,1,1,1,1,1,0
1,0,1,0,0,0,0,1,1,0,0
1,1,1,1,1,1,1,1,1,1,0
1,1,1,1,1,1,1,1,1,1,0
0,0,1,0,0,1,1,1,0,1,1
1,1,1,1,1,1,1,1,1,1,0
0,0,0,1,1,0,1,1,0,1,1
0,0,0,0,0,1,1,1,1,1,0
0,0,0,0,0,0,1,0,1,1,1
0,0,1,0,0,0,0,1,0,0,0
0,0,0,0,0,0,0,0,1,0,1
1,1,1,1,1,1,1,1,1,1,0
1,1,1,1,1,1,1,1,1,1,0
0,0,0,0,0,1,0,0,1,0,0
0,0,1,1,1,1,1,1,1,1,0
1,0,0,0,0,0,0,0,0,0,1
0,0,0,0,0,0,0,0,0,0,1
0,0,0,0,0,0,0,0,0,0,1
0,0,0,0,0,0,0,0,1,0,1
0,0,1,0,0,0,1,1,1,1,1
0,0,0,0,0,0,0,0,0,0,1
0,0,0,0,0,0,0,0,0,0,1
0,0,0,0,0,0,0,1,0,0,1
0,0,0,0,1,1,1,1,1,1,0
0,0,0,0,0,0,0,0,1,0,1
0,0,0,0,0,0,1,1,0,1,1
0,0,1,0,0,1,0,1,1,0,0
1,1,0,1,1,1,1,1,1,1,0
1,0,0,0,0,1,1,1,1,1,1
0,0,0,0,0,0,0,0,1,0,1
0,0,0,0,0,0,0,0,0,0,0
0,0,1,0,0,0,0,0,0,0,1
0,0,1,0,0,1,0,0,1,0,0
1,1,1,1,1,1,1,1,1,1,0
0,0,0,0,0,0,0,0,0,0,1
0,0,0,0,0,0,0,0,0,0,1
1,0,1,0,0,0,1,0,1,1,1
0,1,1,0,1,1,1,1,1,1,0
1,1,1,0,1,1,1,1,1,1,0
1,1,1,1,1,1,1,1,1,1,0
0,0,1,0,0,0,1,0,1,1,1
0,0,0,0,0,0,0,0,0,0,1
0,0,0,0,0,0,0,0,0,0,0
1,1,1,1,1,1,1,1,1,1,0
0,0,0,0,0,0,0,0,0,0,1
1,0,0,0,0,0,1,0,1,1,1
0,0,0,0,0,0,0,0,0,0,1
0,0,0,0,0,0,0,0,0,0,1
1,1,1,1,1,1,1,1,1,1,0
1,1,1,1,1,1,1,1,1,1,0
0,0,0,0,0,0,0,0,0,0,1
1,0,0,0,0,0,1,1,1,1,1
0,0,0,0,0,0,0,0,0,0,1
1,1,1,1,1,1,1,1,1,1,0
1,1,0,1,1,1,1,1,1,1,0
0,0,0,0,0,0,0,1,0,0,1
0,0,0,0,0,0,0,0,1,0,1
1,1,0,1,1,1,1,1,1,1,0
0,0,0,0,0,0,0,0,0,0,1
0,0,0,0,0,0,0,0,0,0,1
0,0,0,0,0,0,0,0,0,0,1
1,0,1,1,1,1,1,1,1,1,0
1,1,1,1,1,1,1,1,1,1,0
0,0,1,0,0,0,0,0,0,0,1
1,1,1,1,1,1,1,1,1,1,0
0,0,0,0,0,0,0,0,1,0,1
0,0,0,0,0,0,0,0,0,0,1
0,0,0,0,0,0,1,1,0,1,1
1,1,1,1,1,1,1,1,1,1,0
0,0,0,0,0,0,1,0,1,1,1
0,0,0,0,0,0,0,0,0,0,1
1,1,1,1,1,1,1,1,1,1,0
0,0,0,1,1,0,1,1,1,1,0
1,1,1,1,1,1,1,1,1,1,0
0,0,0,0,0,0,0,0,0,0,1
0,0,0,0,0,0,0,0,0,0,1
1,1,1,1,1,1,1,1,1,1,0
0,0,1,0,0,1,0,0,0,0,0
0,0,0,0,0,0,0,1,0,0,1
1,1,1,1,1,1,1,1,1,1,0
0,0,1,0,1,1,0,1,1,0,0
0,0,0,0,0,0,0,0,0,0,1
1,0,0,0,1,1,1,1,1,1,0
0,0,1,0,0,0,0,0,0,0,0
1,1,1,1,1,1,1,1,1,1,0
1,1,1,1,1,1,1,1,1,1,0
1,0,1,0,0,0,0,0,0,0,0
0,1,1,0,1,1,1,1,1,1,0
0,0,1,0,0,0,1,0,1,1,1
0,0,1,0,0,0,1,0,1,1,1
1,1,1,1,1,1,1,1,1,1,0
1,0,1,1,1,1,1,1,1,1,0
0,0,0,0,0,0,0,1,0,0,1
1,1,0,1,1,1,1,1,1,1,0
1,0,1,1,1,1,1,1,1,1,0
1,0,0,1,1,1,0,1,1,0,0
1,0,1,0,0,0,0,0,1,0,1
1,0,1,0,0,1,1,1,1,1,0
1,0,1,0,1,1,0,1,1,0,0
0,0,0,0,0,0,1,1,1,1,1
0,0,0,0,0,0,1,0,1,1,1
1,1,1,1,1,1,1,1,1,1,0
0,0,0,0,0,0,0,0,0,0,1
1,0,1,1,1,1,1,1,1,1,0
0,0,0,0,0,0,0,0,1,0,1
0,0,0,0,0,0,0,0,0,0,0
0,0,0,0,0,0,0,0,0,0,0
0,0,1,0,0,0,1,0,1,1,1
0,0,1,0,0,0,0,1,0,0,1
0,0,0,0,0,0,1,1,0,1,1
1,1,0,1,1,1,1,1,1,1,0
0,0,0,0,0,0,1,0,1,1,1
1,0,1,0,0,0,1,1,0,1,0
0,0,1,0,0,0,0,0,1,0,1
1,0,1,0,1,1,1,1,1,1,0
1,1,1,1,1,1,1,1,1,1,0
0,0,0,0,0,0,1,0,1,1,1
1,1,1,1,1,1,1,1,1,1,0
0,0,0,1,1,1,1,1,1,1,1
0,0,0,0,0,0,0,0,0,0,1
1,0,0,0,1,1,1,1,1,1,0
0,0,0,0,0,0,1,0,1,1,1
1,1,0,1,1,1,1,1,1,1,0
0,0,0,0,0,0,1,1,0,1,1
1,0,1,0,0,1,1,1,1,1,0
1,1,1,1,1,1,1,1,1,1,0
0,0,0,0,0,0,0,0,0,0,1
0,0,0,0,0,0,0,0,0,0,0
0,1,0,1,1,1,1,1,1,1,0
1,0,1,0,0,1,1,1,1,1,0
1,0,0,0,1,1,1,1,1,1,0
0,0,0,0,0,0,0,1,1,0,0
0,0,0,0,0,0,0,0,0,0,1
1,0,1,0,0,1,1,1,0,1,0
0,0,1,1,1,1,1,1,1,1,0
0,0,1,0,0,0,1,1,1,1,1
0,0,0,0,0,0,0,1,0,0,0
0,0,1,1,1,1,1,1,1,1,0
1,1,1,1,1,1,1,1,1,1,0
0,1,1,0,1,1,1,1,1,1,0
1,0,1,0,0,1,1,1,1,1,0
0,0,0,0,0,0,0,1,0,0,1
1,0,1,1,1,0,0,0,0,0,0
0,0,0,0,0,0,0,0,0,0,1
0,0,0,0,0,0,0,0,0,0,0
0,0,0,0,0,0,0,0,0,0,1
0,0,0,0,0,0,1,1,0,1,1
1,1,1,1,1,1,1,1,1,1,0
0,0,0,0,0,0,1,1,0,1,1
1,1,1,1,1,1,1,1,1,1,0
1,0,1,0,0,1,1,1,1,1,0
1,0,1,0,0,0,0,1,0,0,0
1,0,1,1,1,1,0,1,1,0,0
1,0,1,0,0,1,1,1,1,1,0
0,0,1,0,0,0,0,1,1,0,1
0,0,0,0,0,0,0,1,0,0,1
1,0,1,0,1,1,1,1,1,1,0
1,1,1,1,1,1,1,1,1,1,0
0,0,1,0,0,0,1,1,1,1,1
1,1,1,1,1,1,1,1,1,1,0
0,0,0,0,0,0,0,0,0,0,1
0,0,0,0,0,0,0,0,0,0,1
0,0,0,0,0,0,0,0,0,0,1
0,0,0,0,0,0,0,0,1,0,1
1,1,1,1,1,1,1,1,1,1,0
1,0,1,1,1,1,1,1,1,1,0
1,0,1,0,1,1,1,1,1,1,0
0,0,0,0,0,0,0,0,0,0,1
0,0,0,0,0,0,0,0,0,0,1
1,1,1,1,1,1,1,1,1,1,0
0,0,1,1,1,1,1,1,1,1,0
1,1,1,1,1,1,1,1,1,1,0
0,0,0,0,0,0,0,0,0,0,1
1,0,0,0,1,1,1,1,1,1,0
0,0,0,0,0,0,0,0,0,0,1
1,1,1,1,1,1,1,1,1,1,0
0,0,0,0,0,0,1,1,0,1,1
0,0,0,0,0,0,0,0,0,0,1
1,1,0,1,1,1,1,1,1,1,0
1,1,0,1,1,1,1,1,1,1,0
1,1,1,1,1,1,1,1,1,1,0
1,0,1,0,0,0,0,0,1,0,0
1,1,1,1,1,1,1,1,1,1,0
0,0,0,0,0,0,0,0,0,0,1
0,0,0,0,0,0,0,0,1,0,1
0,0,0,0,0,0,0,0,1,0,1
0,0,0,0,0,0,0,0,1,0,1
0,0,1,0,0,0,0,0,1,0,0
0,0,0,0,0,0,0,1,0,0,1
1,1,1,1,1,1,1,1,1,1,0
1,0,1,1,1,1,1,1,1,1,0
0,0,0,0,0,0,0,0,1,0,1
1,0,1,1,1,1,1,1,1,1,0
0,0,0,0,0,0,0,0,1,0,1
0,0,0,0,0,0,0,0,0,0,1
1,0,1,0,0,1,1,1,1,1,0
1,0,0,0,0,1,0,1,1,0,0
0,0,0,0,0,0,0,0,0,0,1
0,0,0,0,0,0,0,0,0,0,0
1,1,0,1,1,1,1,1,1,1,0
1,0,1,1,1,1,1,1,1,1,0
0,0,0,0,0,0,0,0,0,0,0
0,0,1,0,1,1,0,1,1,0,0
1,1,0,1,1,1,1,1,1,1,0
1,0,0,0,0,0,0,1,1,0,1
1,0,1,0,0,1,1,1,1,1,0
0,0,0,0,1,1,1,1,1,1,1
0,0,0,0,0,0,0,0,0,0,1
0,0,0,0,0,0,0,0,0,0,0
1,0,1,0,1,1,1,1,1,1,0
1,0,1,0,1,1,0,1,1,0,0
1,0,0,0,0,0,1,1,1,1,1
0,0,1,0,0,0,0,0,0,0,0
1,1,1,1,1,1,1,1,1,1,0
1,0,1,0,1,1,0,1,0,0,0
0,0,0,0,0,0,0,1,0,0,1
1,1,1,1,1,1,1,1,1,1,0
0,0,0,0,0,0,1,1,0,1,1
1,0,1,0,1,1,1,1,1,1,0
0,0,1,0,0,1,1,1,1,1,0
1,0,1,1,1,1,1,1,1,1,0
1,0,1,1,1,0,1,1,0,1,0
0,0,0,0,0,0,0,0,0,0,0
1,0,1,0,0,0,1,1,1,1,0
0,0,1,1,1,1,1,1,1,1,0
0,0,1,0,1,1,1,1,1,1,0
1,0,1,1,1,1,1,1,1,1,0
0,0,0,0,0,0,0,0,1,0,1
1,1,1,0,0,1,1,1,1,1,0
0,0,0,0,0,1,1,1,0,1,0
0,0,1,0,0,0,0,0,0,0,0
0,0,0,0,0,0,0,0,0,0,1
0,0,0,0,0,0,0,1,0,0,1
0,0,0,0,0,0,0,0,0,0,1
1,0,0,0,1,1,1,1,1,1,1
0,0,0,0,0,0,0,0,0,0,1
0,0,0,0,0,0,1,1,0,1,1
1,0,0,0,0,0,1,1,1,1,1
0,0,0,0,0,0,0,0,0,0,0
0,0,0,0,0,0,0,0,0,0,1
0,0,0,0,0,0,0,0,0,0,0
1,1,1,1,1,1,1,1,1,1,0
0,0,1,0,0,1,0,0,1,0,0
0,0,0,0,0,0,0,0,0,0,1
1,1,1,1,1,1,1,1,1,1,0
1,0,1,0,0,0,0,0,0,0,0
0,0,0,0,0,0,1,1,0,1,1
0,0,0,0,0,0,1,1,0,1,1
0,0,0,0,0,0,1,0,1,1,1
0,0,0,0,0,0,0,0,0,0,1
1,1,0,1,1,1,1,1,1,1,0
0,0,0,0,0,0,0,0,1,0,1
1,1,1,1,1,1,1,1,1,1,0
0,0,0,0,0,0,0,0,0,0,0
0,0,0,0,0,0,0,0,0,0,1
0,0,1,0,0,1,0,1,1,0,0
1,0,1,0,0,0,0,0,0,0,1
0,0,1,0,0,0,0,0,1,0,0
0,0,0,0,0,0,0,0,0,0,1
0,0,1,0,0,1,0,1,1,0,0
0,0,1,1,1,1,1,1,1,1,0
0,0,1,0,0,0,1,0,1,1,1
0,0,1,0,0,1,0,0,1,0,0
0,0,0,0,0,0,0,0,0,0,1
1,1,1,1,1,1,1,1,1,1,0
1,1,1,1,1,1,1,1,1,1,0
0,0,0,0,0,0,0,0,0,0,1
0,0,1,1,1,1,1,1,1,1,0
0,0,0,0,0,0,0,0,0,0,1
0,0,0,0,0,0,0,0,0,0,1
0,0,0,0,0,0,0,1,0,0,1
1,1,1,1,1,1,1,1,1,1,0
0,0,0,0,0,0,0,0,0,0,0
0,0,1,0,0,0,1,0,1,1,1
0,0,0,0,0,0,0,0,1,0,1
0,0,1,0,0,1,1,1,1,1,0
0,0,0,0,0,0,0,0,0,0,1
0,0,0,0,0,0,0,0,0,0,1
0,0,1,0,0,0,0,0,0,0,0
0,0,0,0,0,0,0,0,1,0,1
0,0,1,0,1,1,1,1,1,1,0
0,0,0,0,0,0,0,1,0,0,1
0,0,0,0,0,0,0,0,0,0,1
0,0,0,0,0,0,1,1,0,1,1
0,0,0,0,0,0,0,0,0,0,0
1,0,1,0,0,1,1,1,0,1,0
0,0,0,1,1,1,1,1,1,1,1
1,1,1,1,1,1,1,1,1,1,0
0,0,0,0,0,0,0,0,0,0,1
0,0,1,0,0,0,1,0,1,1,1
1,1,1,1,1,1,1,1,1,1,0
0,0,1,0,0,0,0,0,1,0,0
0,0,0,0,0,0,0,0,0,0,1
1,1,1,1,1,1,1,1,1,1,0
1,0,1,0,0,1,1,1,1,1,0
1,0,0,0,0,0,1,0,1,1,1
0,0,0,0,0,0,0,0,0,0,1
0,0,0,0,0,0,0,0,0,0,1
1,0,1,1,1,1,1,1,1,1,0
0,0,0,0,0,0,0,0,0,0,1
1,1,1,1,1,1,1,1,1,1,0
1,0,1,0,0,1,0,1,1,0,0
0,0,0,0,0,0,1,0,1,1,1
1,1,1,1,1,1,1,1,1,1,0
1,0,1,1,1,1,1,1,1,1,0
1,1,1,1,1,1,1,1,1,1,0
0,0,0,0,0,0,0,0,0,0,0
0,0,0,0,0,0,0,0,0,0,1
0,0,0,0,0,0,0,1,0,0,1
0,0,0,0,0,0,0,1,0,0,1
0,0,0,0,0,0,0,1,0,0,1
1,1,0,1,1,1,1,1,1,1,0
1,1,1,1,1,1,1,1,1,1,0
0,0,0,0,0,0,0,0,0,0,1
0,0,1,0,0,0,1,0,1,1,1
0,0,0,0,0,0,0,0,1,0,1
0,0,0,0,0,0,0,0,0,0,1
0,0,0,0,0,0,0,0,0,0,1
1,1,1,1,1,1,1,1,1,1,0
1,0,0,0,1,1,0,1,1,0,0
0,0,1,1,1,1,1,1,1,1,0
1,1,1,1,1,1,1,1,1,1,0
0,0,1,0,0,0,0,0,1,0,1
0,0,0,0,1,0,1,1,0,1,1
0,0,1,1,1,1,1,1,1,1,0
1,1,1,1,1,1,1,1,1,1,0
1,1,1,1,1,1,1,1,1,1,0
1,1,1,1,1,1,1,1,1,1,0
1,1,1,1,1,1,1,1,1,1,0
0,0,0,0,1,1,1,1,1,1,0
1,0,1,0,0,0,0,0,1,0,1
1,0,1,1,1,1,1,1,1,1,0
0,0,0,0,0,0,1,1,0,1,1
1,1,1,1,1,1,1,1,1,1,0
1,0,0,0,0,1,1,1,1,1,1
0,0,0,0,0,0,0,0,0,0,1
1,0,1,0,0,1,0,0,1,0,0
0,0,0,0,0,0,0,1,0,0,1
0,0,0,0,0,0,0,0,0,0,0
1,1,1,1,1,1,1,1,1,1,0
0,0,1,1,1,1,1,1,1,1,0
0,0,0,0,0,0,0,0,0,0,1
1,0,1,1,1,1,1,1,1,1,0
1,0,1,0,0,0,0,0,1,0,1
0,0,0,0,0,0,0,0,0,0,1
0,0,0,0,0,0,0,0,0,0,0
1,1,1,1,1,1,1,1,1,1,0
1,1,1,1,1,1,1,1,1,1,0
0,0,0,0,0,0,0,0,1,0,1
0,0,0,0,0,0,0,0,0,0,0
1,0,1,1,1,1,1,1,1,1,0
0,0,0,0,0,0,0,0,0,0,1
1,0,1,0,0,1,0,0,1,0,0
0,0,0,0,0,0,0,0,0,0,0
0,0,0,0,0,0,0,0,0,0,1
1,1,1,1,1,1,1,1,1,1,0
0,0,0,0,0,0,1,1,0,1,1
1,1,1,1,1,1,1,1,1,1,0
1,1,1,1,1,1,1,1,1,1,0
0,0,1,0,0,0,1,0,1,1,1
1,1,0,1,1,1,1,1,1,1,0
0,0,1,0,0,0,0,0,1,0,1
1,1,1,1,1,1,1,1,1,1,0
0,0,0,0,0,0,0,0,0,0,1
0,0,0,0,0,0,0,0,0,0,1
1,0,1,1,1,0,1,1,0,1,0
1,1,1,0,0,1,1,1,1,1,0
1,1,1,1,1,1,1,1,1,1,0
1,1,1,1,1,1,1,1,1,1,0
0,0,0,0,0,0,0,1,0,0,1
0,0,0,0,0,0,0,0,0,0,0
0,0,0,0,0,0,0,0,0,0,1
1,1,1,0,1,1,1,1,1,1,0
1,0,1,1,1,1,1,1,1,1,0
1,1,1,1,1,1,1,1,1,1,0
1,1,1,1,1,1,1,1,1,1,0
0,0,0,1,1,1,1,1,1,1,1
0,0,1,0,0,0,1,1,1,1,1
0,0,0,0,0,0,0,0,0,0,0
0,0,0,0,0,0,0,0,1,0,1
0,0,1,0,0,0,0,0,1,0,1
0,0,0,0,0,0,0,0,1,0,1
0,0,0,0,0,0,0,0,0,0,1
0,0,0,0,0,0,0,1,1,0,1
1,0,0,0,1,1,1,1,1,1,0
1,0,1,0,0,1,1,0,0,1,0
0,0,1,0,1,1,1,1,1,1,0
0,0,0,0,0,0,0,0,1,0,1
0,0,0,0,0,0,0,0,1,0,1
0,0,0,0,0,0,0,0,0,0,0
0,0,0,0,0,1,0,1,1,0,0
0,0,0,0,0,0,0,0,0,0,1
0,0,0,0,0,0,0,0,0,0,1
1,0,1,0,1,1,1,1,1,1,0
1,0,1,1,1,1,1,1,1,1,0
1,0,0,0,0,0,1,1,0,1,1
0,0,0,0,0,0,0,1,0,0,1
1,1,1,1,1,1,1,1,1,1,0
1,0,1,0,0,1,1,1,1,1,0
1,1,1,1,1,1,1,1,1,1,0
1,1,0,1,1,1,1,1,1,1,0
0,0,1,0,0,0,0,0,1,0,0
1,0,1,1,1,0,1,1,0,1,0
0,0,0,0,0,0,0,0,0,0,1
1,1,1,1,1,1,1,1,1,1,0
0,0,1,0,1,1,0,1,1,0,0
1,0,1,0,0,0,0,0,1,0,1
0,0,0,0,0,0,1,0,1,1,1
1,0,1,1,1,1,1,1,1,1,1
1,0,0,0,0,0,0,1,1,0,1
0,0,1,1,1,1,1,1,1,1,0
0,0,0,0,0,0,1,0,1,1,1
1,0,1,0,0,1,1,1,1,1,0
1,1,1,1,1,1,1,1,1,1,0
0,0,0,0,0,0,0,0,0,0,1
0,0,0,0,0,0,0,0,0,0,1
0,1,1,1,1,1,1,1,1,1,0
0,0,0,0,0,0,0,0,0,0,1
1,1,1,1,1,1,1,1,1,1,0
1,0,1,0,1,1,1,1,1,1,0
1,0,1,0,0,1,1,1,1,1,0
1,0,0,0,0,1,1,0,1,1,1
1,0,1,0,0,1,1,1,0,1,0
1,0,1,1,1,1,1,1,1,1,0
1,0,1,1,1,1,1,1,0,1,0
0,0,0,0,0,0,0,0,0,0,1
0,0,0,0,0,0,0,0,0,0,1
0,0,0,0,0,0,0,0,0,0,1
1,1,1,1,1,1,1,1,1,1,0
1,0,1,0,1,1,1,1,0,1,0
0,0,1,1,1,1,1,1,1,1,0
1,0,0,1,1,1,1,1,1,1,0
0,0,1,0,1,1,0,1,1,0,0
0,1,1,1,1,1,1,1,1,1,0
0,0,0,0,0,0,0,0,0,0,1
0,0,0,0,0,0,1,1,0,1,1
1,0,1,0,0,0,1,1,1,1,1
0,0,0,0,0,0,0,0,0,0,1
1,0,1,1,1,0,1,1,0,1,0
1,0,1,0,1,1,0,1,1,0,0
0,0,0,0,0,0,0,0,0,0,1
0,0,1,1,1,1,1,1,1,1,0
0,0,1,1,1,1,1,1,1,1,0
0,0,1,0,0,0,1,0,1,1,1
0,0,1,0,0,0,1,0,1,1,1
1,0,1,1,1,1,1,1,1,1,0
1,0,0,1,1,1,1,1,1,1,0
0,0,0,0,0,0,0,0,0,0,1
0,0,0,0,0,0,1,1,0,1,1
1,1,0,1,1,1,1,1,1,1,0
0,0,0,0,0,0,0,0,1,0,1
0,0,0,0,0,0,1,0,0,1,1
0,0,1,0,0,0,1,1,1,1,1
0,0,0,0,0,0,0,1,0,0,1
0,0,0,0,0,0,0,0,0,0,1
0,0,0,1,1,1,1,1,1,1,1
0,0,0,0,1,1,1,1,1,1,1
0,0,0,0,0,0,1,1,0,1,1
0,0,0,0,0,0,0,0,1,0,1
0,0,0,0,0,0,0,0,0,0,0
0,0,0,0,0,0,0,0,0,0,1
0,0,1,0,0,0,1,1,1,1,1
1,0,1,0,1,1,1,1,1,1,0
1,1,1,1,1,1,1,1,1,1,0
0,0,0,0,0,0,0,0,0,0,1
0,0,0,0,0,0,0,0,0,0,0
0,0,0,0,0,0,0,0,0,0,1
0,0,0,0,0,0,0,0,0,0,1
1,1,0,1,1,1,1,1,1,1,0
0,0,0,0,0,0,0,0,1,0,1
1,0,1,1,1,1,1,1,1,1,0
0,0,0,0,0,0,0,0,0,0,1
0,0,1,1,1,1,1,1,1,1,0
1,0,0,0,0,1,1,1,1,1,0
0,0,0,0,0,0,0,0,0,0,1
0,0,0,0,0,0,0,1,0,0,1
1,1,1,1,1,1,1,1,1,1,0
0,0,0,0,0,0,0,1,0,0,1
0,0,0,0,0,0,0,0,0,0,1
1,0,0,0,0,1,1,1,1,1,1
0,0,0,0,0,0,0,1,0,0,1
0,0,0,0,0,0,0,0,0,0,1
0,0,0,0,0,0,0,1,0,0,1
0,0,0,0,0,0,0,0,0,0,0
0,0,0,0,0,0,0,1,0,0,1
0,0,0,0,0,0,0,1,0,0,1
1,0,1,0,0,0,0,1,0,0,0
1,0,1,0,0,1,0,1,0,0,0
0,0,0,0,0,0,0,0,0,0,0
0,0,0,0,0,0,0,0,0,0,1
1,0,0,0,0,0,1,0,1,1,1
0,0,1,0,0,0,1,0,1,1,1
1,0,0,1,1,0,1,1,0,1,0
0,0,0,0,0,0,0,0,1,0,1
0,0,0,0,0,0,0,0,0,0,0
0,0,0,0,0,0,1,0,1,1,1
0,1,1,0,1,1,1,1,1,1,0
1,1,1,1,1,1,1,1,1,1,0
1,0,1,0,0,1,1,1,0,1,0
0,0,0,0,0,0,0,0,0,0,1
0,0,0,0,0,0,0,0,0,0,1
1,0,1,1,1,1,1,1,1,1,0
0,0,0,0,0,0,0,0,1,0,1
1,1,1,1,1,1,1,1,1,1,0
0,0,1,0,0,0,1,0,1,1,1
0,0,1,0,0,1,1,1,1,1,0
1,1,0,1,1,1,1,1,1,1,0
1,1,1,1,1,1,1,1,1,1,0
0,0,0,0,0,0,0,0,1,0,1
1,1,1,1,1,1,1,1,1,1,0
1,0,0,1,1,0,1,1,0,1,0
0,0,0,0,0,0,0,1,0,0,1
0,0,0,0,0,0,0,0,1,0,1
0,0,0,0,0,0,0,1,0,0,1
0,0,0,0,0,0,0,0,0,0,1
1,0,1,1,1,1,1,1,1,1,0
1,1,1,0,1,1,1,1,1,1,0
0,0,0,0,0,0,0,0,0,0,1
0,0,0,0,0,0,1,1,1,1,1
1,0,1,1,1,1,1,1,1,1,0
0,0,0,0,0,0,0,0,0,0,0
0,0,1,1,1,1,1,1,1,1,0
0,0,0,0,0,0,0,0,1,0,1
0,0,0,0,0,0,0,0,0,0,0
0,0,0,0,0,0,0,1,0,0,1
0,0,1,0,0,0,1,0,1,1,1
1,0,1,0,0,0,0,0,1,0,1
0,0,0,0,0,0,1,1,0,1,1
0,0,0,0,0,0,0,0,0,0,1
0,0,0,0,0,0,1,1,0,1,1
1,1,1,1,1,1,1,1,1,1,0
1,0,0,0,0,0,1,0,1,1,1
0,0,0,0,0,0,0,0,0,0,1
0,0,1,1,1,1,1,1,1,1,0
0,0,0,0,0,0,0,0,0,0,1
1,1,1,1,1,1,1,1,1,1,0
0,0,0,0,0,0,1,0,1,1,1
0,0,0,0,0,0,0,0,0,0,1
1,1,1,1,1,1,1,1,1,1,0
1,1,1,1,1,1,1,1,1,1,0
0,0,0,0,0,0,1,0,1,1,1
1,1,0,1,1,1,1,1,1,1,0
1,0,1,0,0,0,0,0,1,0,1
0,0,0,0,0,0,0,0,0,0,0
0,0,0,0,0,0,0,0,0,0,1
0,0,0,0,0,0,0,0,1,0,1
0,0,0,0,0,0,1,0,0,1,1
1,1,1,1,1,1,1,1,1,1,0
1,1,0,1,1,1,1,1,1,1,0
0,0,1,0,0,0,0,0,0,0,1
0,0,0,0,0,0,0,0,0,0,1
1,1,0,1,1,1,1,1,1,1,0
0,0,0,0,0,0,1,0,1,1,1
0,0,0,0,0,0,0,0,1,0,1
1,0,0,0,0,0,1,0,1,1,1
1,1,0,1,1,1,1,1,1,1,0
0,0,0,0,0,0,1,1,0,1,1
0,0,0,0,0,0,0,0,0,0,1
1,0,1,1,1,1,1,1,1,1,0
1,0,0,0,0,0,0,1,1,0,1
0,0,0,0,0,0,1,0,1,1,1
0,0,0,0,0,0,0,0,0,0,1
0,0,0,0,0,0,0,1,0,0,1
0,0,0,0,0,0,0,0,0,0,0
0,0,1,0,0,0,1,0,1,1,1
1,1,1,1,1,1,1,1,1,1,0
0,0,1,0,0,1,1,1,1,1,0
0,0,0,0,0,0,0,0,0,0,1
1,0,1,1,1,1,1,1,1,1,0
0,0,0,1,1,1,1,1,1,1,1
1,0,0,1,1,1,1,1,1,1,0
0,0,0,0,0,0,0,0,0,0,0
0,1,0,1,1,1,1,1,1,1,0
0,0,0,0,0,0,0,0,0,0,1
1,0,1,0,1,1,1,1,1,1,0
0,0,0,0,0,0,1,1,0,1,1
1,1,1,1,1,1,1,1,1,1,0
0,0,1,0,0,0,0,0,0,0,1
0,0,0,0,0,0,0,0,0,0,0
1,0,0,0,0,0,1,1,0,1,1
1,0,0,0,0,0,1,1,0,1,1
0,0,0,0,0,0,0,1,0,0,1
1,0,0,0,0,0,1,1,1,1,1
0,0,1,0,0,0,1,0,1,1,1
1,1,1,1,1,1,1,1,1,1,0
0,0,0,0,0,0,1,0,0,1,1
1,0,1,0,0,1,1,1,0,1,0
1,1,1,1,1,1,1,1,1,1,0
0,0,0,0,0,0,0,0,1,0,1
1,1,1,1,1,1,1,1,1,1,0
0,0,0,0,0,0,0,0,0,0,1
0,0,0,0,0,0,0,0,0,0,1
1,1,1,1,1,1,1,1,1,1,0
1,1,1,1,1,1,1,1,1,1,0
0,0,0,0,0,0,0,1,0,0,1
0,0,0,0,0,0,0,1,0,0,1
1,0,1,1,1,1,1,1,1,1,0
0,0,0,0,0,0,0,0,0,0,1
0,0,0,0,0,0,0,0,0,0,1
0,0,1,1,1,1,1,1,1,1,0
0,0,1,0,0,0,0,0,1,0,1
0,0,1,0,0,0,1,0,1,1,1
0,1,1,0,1,1,1,1,1,1,0
0,0,0,0,0,0,0,0,0,0,1
0,0,0,0,0,0,0,0,0,0,0
0,0,0,0,0,0,0,0,0,0,1
0,0,0,0,0,0,0,0,0,0,1
1,1,1,1,1,1,1,1,1,1,0
1,0,1,1,1,1,1,1,1,1,0
0,0,0,0,0,0,0,1,0,0,1
1,0,1,0,0,1,0,1,0,0,0
0,0,0,0,0,0,0,1,0,0,1
0,0,0,0,0,0,0,0,0,0,1
1,1,1,1,1,1,1,1,1,1,0
1,0,1,0,0,1,1,1,1,1,0
1,0,1,0,1,1,0,1,0,0,0
0,0,0,0,0,0,0,0,1,0,1
0,0,0,0,0,0,0,1,0,0,1
1,1,1,1,1,1,1,1,1,1,0
1,1,1,1,1,1,1,1,1,1,0
0,0,0,0,0,0,0,0,1,0,1
1,1,1,1,1,1,1,1,1,1,0
0,0,0,0,0,0,0,0,0,0,1
0,0,0,0,0,0,0,0,0,0,1
1,1,0,1,1,1,1,1,1,1,0
0,0,0,0,0,0,0,0,0,0,0
1,0,1,0,0,1,0,0,1,0,0
1,1,0,1,1,1,1,1,1,1,0
1,1,1,1,1,1,1,1,1,1,0
1,1,1,1,1,1,1,1,1,1,0
1,0,1,0,0,0,1,1,0,1,0
1,0,1,0,0,0,1,1,0,1,0
1,0,0,1,1,1,1,1,1,1,0
1,0,0,1,1,1,1,1,1,1,0
0,0,0,0,0,0,0,0,0,0,0
0,0,1,1,1,1,1,1,1,1,0
0,0,0,0,0,0,0,0,0,0,0
0,0,0,0,0,0,0,0,0,0,1
0,0,1,0,1,1,1,1,1,1,0
1,1,1,1,1,1,1,1,1,1,0
1,1,1,1,1,1,1,1,1,1,0
0,0,0,0,0,0,1,1,0,1,1
0,0,0,0,0,0,0,1,0,0,1
1,1,1,0,0,1,1,1,1,1,0
0,0,1,0,0,0,1,0,1,1,1
0,0,0,0,0,0,0,0,0,0,1
0,0,1,0,0,0,1,0,1,1,1
0,0,0,0,0,0,1,1,0,1,1
1,0,1,1,1,1,1,1,1,1,0
1,0,1,0,0,1,1,1,1,1,0
1,1,1,1,1,1,1,1,1,1,0
0,0,0,0,0,0,0,0,0,0,1
1,0,0,0,1,1,1,1,1,1,1
1,1,1,1,1,1,1,1,1,1,0
1,0,0,1,1,1,1,1,1,1,1
1,1,1,1,1,1,1,1,1,1,0
1,0,1,1,1,1,1,1,1,1,0
0,1,1,1,1,1,1,1,1,1,0
0,0,0,0,0,0,1,1,0,1,1
0,0,0,0,1,1,1,1,1,1,0
0,0,0,0,0,0,0,1,0,0,1
1,1,1,1,1,1,1,1,1,1,0
0,0,0,0,0,0,0,0,0,0,1
1,1,1,1,1,1,1,1,1,1,0
0,0,0,0,0,0,0,0,1,0,1
1,1,1,1,1,1,1,1,1,1,0
1,0,0,0,1,1,1,1,1,1,1
0,0,1,0,0,0,1,0,1,1,1
1,1,1,1,1,1,1,1,1,1,0
0,0,1,0,0,0,1,0,1,1,1
0,0,1,1,1,1,1,1,1,1,0
1,1,1,1,1,1,1,1,1,1,0
0,0,0,0,0,0,0,0,0,0,0
0,0,0,0,0,0,0,0,0,0,1
1,1,1,1,1,1,1,1,1,1,0
1,1,1,1,1,1,1,1,1,1,0
0,0,0,0,0,0,0,0,0,0,1
0,0,1,0,0,1,1,1,1,1,0
0,0,0,0,0,0,1,0,1,1,1
0,0,0,0,0,0,1,0,1,1,1
1,0,1,0,0,1,1,1,1,1,0
1,1,1,1,1,1,1,1,1,1,0
0,0,0,0,0,0,0,0,0,0,1
0,0,1,0,1,1,1,1,1,1,0
0,0,0,0,0,0,0,0,1,0,1
1,0,1,0,1,1,1,1,1,1,0
1,1,1,1,1,1,1,1,1,1,0
1,1,1,1,1,1,1,1,1,1,0
0,0,1,0,0,0,1,0,1,1,1
0,0,0,1,1,1,1,1,1,1,0
1,0,0,1,1,1,1,1,1,1,0
1,0,1,0,0,0,0,0,1,0,1
1,1,1,1,1,1,1,1,1,1,0
0,0,0,0,1,1,1,1,1,1,0
0,0,0,0,0,0,0,0,0,0,1
1,0,0,1,1,1,1,1,1,1,0
0,0,0,0,0,0,1,1,0,1,1
0,0,0,0,0,0,0,1,0,0,1
0,0,0,0,0,0,0,0,1,0,1
1,1,0,1,1,1,1,1,1,1,0
1,0,0,0,1,1,1,1,1,1,0
1,1,1,1,1,1,1,1,1,1,0
1,0,1,1,1,1,1,1,1,1,0
0,0,0,0,0,0,0,1,0,0,1
0,0,0,0,0,0,0,0,0,0,1
1,0,0,0,1,1,1,1,1,1,0
0,0,0,0,0,0,1,1,0,1,1
1,0,1,0,0,1,1,1,0,1,0
0,0,0,0,0,0,1,1,0,1,1
1,0,0,1,1,1,1,1,1,1,0
0,0,0,0,0,0,0,0,0,0,1
0,0,0,0,0,0,0,0,0,0,1
0,0,0,0,0,0,0,0,0,0,1
0,0,0,0,0,0,1,0,1,1,1
1,0,0,0,0,0,1,1,1,1,1
0,0,0,0,0,0,0,0,0,0,0
1,1,0,0,1,1,1,1,1,1,0
0,0,1,0,0,0,0,0,0,0,0
1,1,1,1,1,1,1,1,1,1,0
1,1,1,0,1,1,1,1,1,1,0
1,1,1,0,0,0,0,1,0,0,0
0,0,1,1,1,1,1,1,1,1,0
0,0,1,1,1,1,1,1,1,1,0
0,0,0,0,0,0,0,0,0,0,1
0,0,0,0,0,0,0,0,0,0,1
0,0,0,0,0,0,1,0,1,1,1
1,1,1,1,1,1,1,1,1,1,0
1,0,1,1,1,1,1,1,1,1,0
0,0,0,0,0,0,1,0,0,1,1
0,0,0,1,1,1,1,1,1,1,1
0,0,0,0,0,0,0,0,0,0,1
1,1,1,1,1,1,1,1,1,1,0
0,0,0,0,0,0,0,1,0,0,1
1,1,1,0,1,1,1,1,1,1,0
1,0,1,0,0,1,1,0,0,1,0
0,0,0,0,0,0,0,0,0,0,0
0,0,0,0,0,0,0,0,1,0,1
0,0,0,0,0,0,0,1,0,0,1
0,0,0,0,0,0,0,0,0,0,0
0,0,0,0,0,0,1,1,0,1,1
0,0,0,0,0,0,0,0,1,0,1
0,0,0,0,0,0,0,0,0,0,1
1,0,1,0,0,0,0,0,0,0,0
1,0,1,1,1,1,1,1,1,1,0
0,0,0,0,0,0,0,0,0,0,1
0,0,1,0,0,1,1,1,1,1,0
0,0,0,0,0,0,0,0,0,0,1
0,0,0,0,0,0,0,0,0,0,1
1,0,1,1,1,1,1,1,1,1,0
1,0,0,0,0,1,1,1,1,1,1
1,0,1,1,1,1,1,1,1,1,0
0,0,0,0,0,0,0,0,0,0,1
0,0,1,0,0,0,1,1,1,1,1
0,0,0,0,0,0,1,1,0,1,1
1,0,1,1,1,1,1,1,1,1,0
0,0,0,0,0,0,0,0,0,0,1
0,0,0,0,0,0,0,0,0,0,0
0,0,0,0,0,0,0,0,0,0,0
1,1,1,1,1,1,1,1,1,1,0
0,0,0,0,0,0,0,0,0,0,1
1,1,1,0,1,1,1,1,1,1,0
1,0,1,0,1,1,1,1,1,1,0
1,1,1,1,1,1,1,1,1,1,0
0,0,1,0,1,1,1,1,1,1,0
0,0,1,0,0,0,1,0,1,1,1
1,0,1,1,1,1,1,1,1,1,0
1,0,1,0,0,0,1,1,1,1,1
0,0,1,0,0,0,0,0,1,0,1
1,1,1,0,0,1,1,1,1,1,0
0,0,0,1,1,0,1,1,0,1,1
1,0,0,0,0,1,0,0,0,0,0
0,0,1,0,0,1,1,1,1,1,0
0,0,0,0,0,0,0,0,0,0,1
0,0,0,0,0,0,0,0,0,0,0
0,0,0,0,0,0,0,1,0,0,1
0,0,1,0,0,0,0,0,0,0,0
0,0,0,0,0,0,0,0,0,0,0
0,0,0,0,0,0,0,0,0,0,1
0,0,0,0,0,0,0,0,0,0,0
1,0,1,1,1,1,1,1,1,1,0
0,0,0,0,0,0,0,1,0,0,1
0,0,1,0,0,0,1,1,1,1,1
0,0,0,0,0,0,1,1,0,1,1
1,0,0,1,1,0,1,1,0,1,0
0,0,0,0,0,0,1,0,1,1,1
1,0,1,1,1,1,1,1,1,1,0
1,0,0,0,0,0,1,0,0,1,1
1,1,1,0,1,1,1,1,1,1,0
0,0,0,0,0,0,0,0,0,0,1
0,0,1,0,0,1,1,1,1,1,0
1,1,1,1,1,1,1,1,1,1,0
1,0,1,1,1,1,1,1,1,1,0
0,0,0,0,0,0,0,0,1,0,1
1,1,1,1,1,1,1,1,1,1,0
1,1,1,1,1,1,1,1,1,1,0
0,0,0,0,0,0,0,0,0,0,1
0,0,0,0,0,0,0,0,1,0,1
0,0,0,0,0,0,0,0,0,0,1
1,1,1,1,1,1,1,1,1,1,0
1,1,1,0,1,1,1,1,1,1,0
0,0,0,0,0,0,0,0,1,0,1
0,0,0,0,0,0,0,0,0,0,1
1,0,1,1,1,0,1,1,0,1,0
1,1,1,1,1,1,1,1,1,1,0
1,0,1,0,1,1,1,1,1,1,0
0,0,0,0,0,0,0,1,0,0,1
0,0,0,0,0,0,0,0,0,0,1
1,1,1,1,1,1,1,1,1,1,0
0,0,0,0,0,0,0,0,0,0,1
0,0,0,0,0,0,0,0,0,0,1
1,0,1,1,1,1,1,1,1,1,0
1,1,0,1,1,1,1,1,1,1,0
0,0,0,0,0,0,0,0,0,0,1
0,0,0,0,0,0,0,0,1,0,1
1,1,1,1,1,1,1,1,1,1,0
0,0,0,0,0,0,0,0,0,0,1
1,1,1,1,1,1,1,1,1,1,0
0,0,0,0,0,0,1,0,1,1,1
0,0,0,0,0,0,0,0,0,0,0
0,0,0,0,0,0,0,0,0,0,0
0,0,0,0,1,1,1,1,1,1,1
0,0,0,0,0,0,0,0,0,0,0
1,1,1,1,1,1,1,1,1,1,0
1,1,1,1,1,1,1,1,1,1,0
0,0,0,0,0,0,0,0,0,0,1
0,0,1,0,0,0,0,0,0,0,0
0,0,1,0,0,0,0,0,0,0,0
0,0,0,0,0,0,0,1,0,0,1
0,0,1,0,0,0,1,0,1,1,1
0,0,0,0,0,0,0,0,0,0,1
1,1,1,1,1,1,1,1,1,1,0
0,0,0,0,0,0,0,0,0,0,0
0,0,1,1,1,1,1,1,1,1,0
0,0,0,0,0,0,0,0,0,0,1
1,0,0,0,0,1,1,1,1,1,0
0,0,1,0,0,0,1,0,0,1,1
0,0,1,0,0,0,0,0,0,0,0
0,0,0,0,0,0,0,0,0,0,1
0,0,0,0,0,0,0,0,0,0,1
0,0,0,0,0,0,0,0,0,0,1
1,1,1,1,1,1,1,1,1,1,0
0,0,0,0,0,0,1,1,0,1,1
1,1,1,1,1,1,1,1,1,1,0
0,0,0,0,0,0,0,0,0,0,0
1,0,1,1,1,1,1,1,1,1,0
1,1,1,1,1,1,1,1,1,1,0
1,1,1,1,1,1,1,1,1,1,0
1,0,0,1,1,1,1,1,1,1,0
